-- ============================================================
-- PE AI 智慧运动课堂 - 数据导入脚本
-- 依赖: init_mysql.sql (先执行建表)
-- 使用: source init_mysql.sql; source data_import.sql;
-- ============================================================
USE se_project;
SET NAMES utf8mb4;

-- -------------------------------------------------------
-- 1. 基准教师数据 (从 std_teacher.csv)
-- -------------------------------------------------------
INSERT IGNORE INTO std_teacher (id, name) VALUES
('94128', '陈红'), ('05106', '赵敏'), ('18077', '吴涛'), ('90053', '杨伟'), ('99147', '刘秀兰'),
('12059', '王建军'), ('07034', '张芳'), ('15042', '周超'), ('02081', '朱小英'), ('97015', '李娜'),
('03088', '徐勇'), ('10132', '林静'), ('19125', '马涛'), ('13207', '高丽'), ('96064', '黄华'),
('11194', '孙明'), ('08219', '郭秀珍'), ('06153', '胡小杰'), ('17128', '唐平'), ('14239', '罗霞'),
('00075', '何建国'), ('21117', '于军'), ('13066', '谢刚'), ('04198', '韩小娟'), ('16037', '魏秀英'),
('09156', '冯杰'), ('18204', '郑欣'), ('05271', '董娜'), ('10083', '梁艳'), ('14122', '宋涛');

-- -------------------------------------------------------
-- 2. 基准学生数据 (从 std_student.csv)
-- -------------------------------------------------------
INSERT IGNORE INTO std_student (id, name) VALUES
('2359086', '卢涛'), ('2356315', '魏俊杰'), ('2354606', '曾军'), ('2355500', '曹洋'), ('2358378', '胡敏'),
('2352059', '冯文'), ('2359866', '宋小伟'), ('2353248', '马欣然'), ('2359028', '高春梅'), ('2354153', '罗浩然'),
('2352752', '袁子豪'), ('2357365', '宋超'), ('2356225', '于刚'), ('2354398', '吕超'), ('2355252', '卢佳豪'),
('2351764', '高翠平'), ('2355718', '程建国'), ('2355109', '马敏'), ('2359501', '徐小明'), ('2354368', '马德华'),
('2353633', '丁春梅'), ('2352460', '傅雪梅'), ('2356838', '沈雪梅'), ('2356678', '蒋明'), ('2353979', '袁洋'),
('2352486', '吕翠平'), ('2356323', '蒋子轩'), ('2353802', '韩春梅'), ('2357997', '程建军'), ('2356775', '郭丽'),
('2352545', '贾秀珍'), ('2354106', '傅志强'), ('2352634', '刘浩然'), ('2356026', '董佳欣'), ('2355680', '程秀荣'),
('2356118', '于建国'), ('2351635', '刘娜'), ('2358502', '徐霞'), ('2357074', '唐秀珍'), ('2359659', '卢佳豪'),
('2352669', '梁子轩'), ('2352975', '傅海燕'), ('2352712', '傅志强'), ('2358704', '刘军'), ('2353113', '曹娟'),
('2358829', '郑金凤'), ('2358018', '杨秀珍'), ('2353930', '宋秀荣'), ('2353246', '杨欣然'), ('2356878', '董子轩'),
('2358250', '梁强'), ('2356413', '于小强'), ('2353995', '苏桂英'), ('2355701', '贾秀兰'), ('2358303', '彭艳'),
('2354677', '郭敏'), ('2356236', '吴俊杰'), ('2357070', '吴丽娟'), ('2358808', '吴超'), ('2358729', '郭小红'),
('2359527', '贾小娟'), ('2359170', '萧美玲'), ('2359416', '孙小芳'), ('2351732', '蔡明'), ('2355896', '袁杰'),
('2358711', '谢丽娟'), ('2359439', '卢丽'), ('2356092', '赵娟'), ('2357444', '叶丽'), ('2357692', '叶华'),
('2356352', '袁小芳'), ('2355907', '何丽娟'), ('2358335', '董浩然'), ('2354781', '王霞'), ('2358022', '罗超'),
('2351542', '蔡德华'), ('2359322', '袁美玲'), ('2351480', '李欣然'), ('2356257', '周俊杰'), ('2358661', '傅素英'),
('2359984', '孙秀英'), ('2352203', '唐平'), ('2359313', '吴伟'), ('2351951', '韩小伟'), ('2356442', '陈小芳'),
('2358753', '萧静'), ('2352202', '丁桂英'), ('2353259', '蔡志强'), ('2351330', '董小杰'), ('2353471', '吕平'),
('2353984', '胡华'), ('2359354', '胡军'), ('2351357', '卢素英'), ('2356922', '薛小伟'), ('2351836', '谢杰'),
('2353269', '梁秀荣'), ('2354661', '郭金凤'), ('2351624', '傅秀珍'), ('2355544', '唐美玲'), ('2353553', '高秀荣');

-- -------------------------------------------------------
-- 3. 教师账号 (密码统一为 123456)
-- SHA-256("123456") = 8d969eef6ecad3c29a3a629280e686cf0c3f5d5a86aff3ca12020c923adc6c92
-- -------------------------------------------------------
INSERT IGNORE INTO teacher (id, password, name, gender, title, college, department, created_time) VALUES
('94128', '8d969eef6ecad3c29a3a629280e686cf0c3f5d5a86aff3ca12020c923adc6c92', '陈红', '女', '教授', '体育与健康学院', '体育教育系', NOW()),
('05106', '8d969eef6ecad3c29a3a629280e686cf0c3f5d5a86aff3ca12020c923adc6c92', '赵敏', '女', '副教授', '体育与健康学院', '运动训练系', NOW()),
('18077', '8d969eef6ecad3c29a3a629280e686cf0c3f5d5a86aff3ca12020c923adc6c92', '吴涛', '男', '讲师', '体育与健康学院', '体育理论系', NOW()),
('90053', '8d969eef6ecad3c29a3a629280e686cf0c3f5d5a86aff3ca12020c923adc6c92', '杨伟', '男', '教授', '体育与健康学院', '体育教育系', NOW()),
('99147', '8d969eef6ecad3c29a3a629280e686cf0c3f5d5a86aff3ca12020c923adc6c92', '刘秀兰', '女', '副教授', '体育与健康学院', '运动训练系', NOW()),
('12059', '8d969eef6ecad3c29a3a629280e686cf0c3f5d5a86aff3ca12020c923adc6c92', '王建军', '男', '讲师', '体育与健康学院', '体育理论系', NOW()),
('07034', '8d969eef6ecad3c29a3a629280e686cf0c3f5d5a86aff3ca12020c923adc6c92', '张芳', '女', '教授', '体育与健康学院', '体育教育系', NOW()),
('15042', '8d969eef6ecad3c29a3a629280e686cf0c3f5d5a86aff3ca12020c923adc6c92', '周超', '男', '讲师', '体育与健康学院', '运动训练系', NOW()),
('02081', '8d969eef6ecad3c29a3a629280e686cf0c3f5d5a86aff3ca12020c923adc6c92', '朱小英', '女', '副教授', '体育与健康学院', '体育理论系', NOW()),
('97015', '8d969eef6ecad3c29a3a629280e686cf0c3f5d5a86aff3ca12020c923adc6c92', '李娜', '女', '讲师', '体育与健康学院', '体育教育系', NOW()),
('03088', '8d969eef6ecad3c29a3a629280e686cf0c3f5d5a86aff3ca12020c923adc6c92', '徐勇', '男', '教授', '体育与健康学院', '运动训练系', NOW()),
('10132', '8d969eef6ecad3c29a3a629280e686cf0c3f5d5a86aff3ca12020c923adc6c92', '林静', '女', '副教授', '体育与健康学院', '体育理论系', NOW()),
('19125', '8d969eef6ecad3c29a3a629280e686cf0c3f5d5a86aff3ca12020c923adc6c92', '马涛', '男', '讲师', '体育与健康学院', '体育教育系', NOW()),
('13207', '8d969eef6ecad3c29a3a629280e686cf0c3f5d5a86aff3ca12020c923adc6c92', '高丽', '女', '教授', '体育与健康学院', '运动训练系', NOW()),
('96064', '8d969eef6ecad3c29a3a629280e686cf0c3f5d5a86aff3ca12020c923adc6c92', '黄华', '男', '副教授', '体育与健康学院', '体育理论系', NOW()),
('11194', '8d969eef6ecad3c29a3a629280e686cf0c3f5d5a86aff3ca12020c923adc6c92', '孙明', '男', '讲师', '体育与健康学院', '体育教育系', NOW()),
('08219', '8d969eef6ecad3c29a3a629280e686cf0c3f5d5a86aff3ca12020c923adc6c92', '郭秀珍', '女', '教授', '体育与健康学院', '运动训练系', NOW()),
('06153', '8d969eef6ecad3c29a3a629280e686cf0c3f5d5a86aff3ca12020c923adc6c92', '胡小杰', '男', '副教授', '体育与健康学院', '体育理论系', NOW()),
('17128', '8d969eef6ecad3c29a3a629280e686cf0c3f5d5a86aff3ca12020c923adc6c92', '唐平', '男', '讲师', '体育与健康学院', '体育教育系', NOW()),
('14239', '8d969eef6ecad3c29a3a629280e686cf0c3f5d5a86aff3ca12020c923adc6c92', '罗霞', '女', '教授', '体育与健康学院', '运动训练系', NOW()),
('00075', '8d969eef6ecad3c29a3a629280e686cf0c3f5d5a86aff3ca12020c923adc6c92', '何建国', '男', '副教授', '体育与健康学院', '体育理论系', NOW()),
('21117', '8d969eef6ecad3c29a3a629280e686cf0c3f5d5a86aff3ca12020c923adc6c92', '于军', '男', '讲师', '体育与健康学院', '体育教育系', NOW()),
('13066', '8d969eef6ecad3c29a3a629280e686cf0c3f5d5a86aff3ca12020c923adc6c92', '谢刚', '男', '教授', '体育与健康学院', '运动训练系', NOW()),
('04198', '8d969eef6ecad3c29a3a629280e686cf0c3f5d5a86aff3ca12020c923adc6c92', '韩小娟', '女', '副教授', '体育与健康学院', '体育理论系', NOW()),
('16037', '8d969eef6ecad3c29a3a629280e686cf0c3f5d5a86aff3ca12020c923adc6c92', '魏秀英', '女', '讲师', '体育与健康学院', '体育教育系', NOW()),
('09156', '8d969eef6ecad3c29a3a629280e686cf0c3f5d5a86aff3ca12020c923adc6c92', '冯杰', '男', '教授', '体育与健康学院', '运动训练系', NOW()),
('18204', '8d969eef6ecad3c29a3a629280e686cf0c3f5d5a86aff3ca12020c923adc6c92', '郑欣', '女', '副教授', '体育与健康学院', '体育理论系', NOW()),
('05271', '8d969eef6ecad3c29a3a629280e686cf0c3f5d5a86aff3ca12020c923adc6c92', '董娜', '女', '讲师', '体育与健康学院', '体育教育系', NOW()),
('10083', '8d969eef6ecad3c29a3a629280e686cf0c3f5d5a86aff3ca12020c923adc6c92', '梁艳', '女', '教授', '体育与健康学院', '运动训练系', NOW()),
('14122', '8d969eef6ecad3c29a3a629280e686cf0c3f5d5a86aff3ca12020c923adc6c92', '宋涛', '男', '副教授', '体育与健康学院', '体育理论系', NOW());

-- -------------------------------------------------------
-- 4. 学生账号 (密码统一为 123456)
-- SHA-256("123456") = 8d969eef6ecad3c29a3a629280e686cf0c3f5d5a86aff3ca12020c923adc6c92
-- -------------------------------------------------------
INSERT IGNORE INTO student (id, password, name, gender, college, department, major, created_time) VALUES
('2359086', '8d969eef6ecad3c29a3a629280e686cf0c3f5d5a86aff3ca12020c923adc6c92', '卢涛', '男', '计算机学院', '软件工程系', '软件工程', NOW()),
('2356315', '8d969eef6ecad3c29a3a629280e686cf0c3f5d5a86aff3ca12020c923adc6c92', '魏俊杰', '男', '计算机学院', '软件工程系', '软件工程', NOW()),
('2354606', '8d969eef6ecad3c29a3a629280e686cf0c3f5d5a86aff3ca12020c923adc6c92', '曾军', '男', '机械学院', '机械工程系', '机械工程', NOW()),
('2355500', '8d969eef6ecad3c29a3a629280e686cf0c3f5d5a86aff3ca12020c923adc6c92', '曹洋', '男', '计算机学院', '人工智能系', '人工智能', NOW()),
('2358378', '8d969eef6ecad3c29a3a629280e686cf0c3f5d5a86aff3ca12020c923adc6c92', '胡敏', '女', '经管学院', '工商管理系', '工商管理', NOW()),
('2352059', '8d969eef6ecad3c29a3a629280e686cf0c3f5d5a86aff3ca12020c923adc6c92', '冯文', '男', '计算机学院', '软件工程系', '软件工程', NOW()),
('2359866', '8d969eef6ecad3c29a3a629280e686cf0c3f5d5a86aff3ca12020c923adc6c92', '宋小伟', '男', '机械学院', '机械工程系', '机械工程', NOW()),
('2353248', '8d969eef6ecad3c29a3a629280e686cf0c3f5d5a86aff3ca12020c923adc6c92', '马欣然', '女', '计算机学院', '人工智能系', '人工智能', NOW()),
('2359028', '8d969eef6ecad3c29a3a629280e686cf0c3f5d5a86aff3ca12020c923adc6c92', '高春梅', '女', '经管学院', '工商管理系', '工商管理', NOW()),
('2354153', '8d969eef6ecad3c29a3a629280e686cf0c3f5d5a86aff3ca12020c923adc6c92', '罗浩然', '男', '计算机学院', '软件工程系', '软件工程', NOW()),
('2352752', '8d969eef6ecad3c29a3a629280e686cf0c3f5d5a86aff3ca12020c923adc6c92', '袁子豪', '男', '机械学院', '机械工程系', '机械工程', NOW()),
('2357365', '8d969eef6ecad3c29a3a629280e686cf0c3f5d5a86aff3ca12020c923adc6c92', '宋超', '男', '计算机学院', '人工智能系', '人工智能', NOW()),
('2356225', '8d969eef6ecad3c29a3a629280e686cf0c3f5d5a86aff3ca12020c923adc6c92', '于刚', '男', '经管学院', '工商管理系', '工商管理', NOW()),
('2354398', '8d969eef6ecad3c29a3a629280e686cf0c3f5d5a86aff3ca12020c923adc6c92', '吕超', '男', '计算机学院', '软件工程系', '软件工程', NOW()),
('2355252', '8d969eef6ecad3c29a3a629280e686cf0c3f5d5a86aff3ca12020c923adc6c92', '卢佳豪', '男', '机械学院', '机械工程系', '机械工程', NOW()),
('2351764', '8d969eef6ecad3c29a3a629280e686cf0c3f5d5a86aff3ca12020c923adc6c92', '高翠平', '女', '计算机学院', '人工智能系', '人工智能', NOW()),
('2355718', '8d969eef6ecad3c29a3a629280e686cf0c3f5d5a86aff3ca12020c923adc6c92', '程建国', '男', '经管学院', '工商管理系', '工商管理', NOW()),
('2355109', '8d969eef6ecad3c29a3a629280e686cf0c3f5d5a86aff3ca12020c923adc6c92', '马敏', '女', '计算机学院', '软件工程系', '软件工程', NOW()),
('2359501', '8d969eef6ecad3c29a3a629280e686cf0c3f5d5a86aff3ca12020c923adc6c92', '徐小明', '男', '机械学院', '机械工程系', '机械工程', NOW()),
('2354368', '8d969eef6ecad3c29a3a629280e686cf0c3f5d5a86aff3ca12020c923adc6c92', '马德华', '男', '计算机学院', '人工智能系', '人工智能', NOW()),
('2353633', '8d969eef6ecad3c29a3a629280e686cf0c3f5d5a86aff3ca12020c923adc6c92', '丁春梅', '女', '经管学院', '工商管理系', '工商管理', NOW()),
('2352460', '8d969eef6ecad3c29a3a629280e686cf0c3f5d5a86aff3ca12020c923adc6c92', '傅雪梅', '女', '计算机学院', '软件工程系', '软件工程', NOW()),
('2356838', '8d969eef6ecad3c29a3a629280e686cf0c3f5d5a86aff3ca12020c923adc6c92', '沈雪梅', '女', '机械学院', '机械工程系', '机械工程', NOW()),
('2356678', '8d969eef6ecad3c29a3a629280e686cf0c3f5d5a86aff3ca12020c923adc6c92', '蒋明', '男', '计算机学院', '人工智能系', '人工智能', NOW()),
('2353979', '8d969eef6ecad3c29a3a629280e686cf0c3f5d5a86aff3ca12020c923adc6c92', '袁洋', '男', '经管学院', '工商管理系', '工商管理', NOW()),
('2352486', '8d969eef6ecad3c29a3a629280e686cf0c3f5d5a86aff3ca12020c923adc6c92', '吕翠平', '女', '计算机学院', '软件工程系', '软件工程', NOW()),
('2356323', '8d969eef6ecad3c29a3a629280e686cf0c3f5d5a86aff3ca12020c923adc6c92', '蒋子轩', '男', '机械学院', '机械工程系', '机械工程', NOW()),
('2353802', '8d969eef6ecad3c29a3a629280e686cf0c3f5d5a86aff3ca12020c923adc6c92', '韩春梅', '女', '计算机学院', '人工智能系', '人工智能', NOW()),
('2357997', '8d969eef6ecad3c29a3a629280e686cf0c3f5d5a86aff3ca12020c923adc6c92', '程建军', '男', '经管学院', '工商管理系', '工商管理', NOW()),
('2356775', '8d969eef6ecad3c29a3a629280e686cf0c3f5d5a86aff3ca12020c923adc6c92', '郭丽', '女', '计算机学院', '软件工程系', '软件工程', NOW()),
('2352545', '8d969eef6ecad3c29a3a629280e686cf0c3f5d5a86aff3ca12020c923adc6c92', '贾秀珍', '女', '机械学院', '机械工程系', '机械工程', NOW()),
('2354106', '8d969eef6ecad3c29a3a629280e686cf0c3f5d5a86aff3ca12020c923adc6c92', '傅志强', '男', '计算机学院', '人工智能系', '人工智能', NOW()),
('2352634', '8d969eef6ecad3c29a3a629280e686cf0c3f5d5a86aff3ca12020c923adc6c92', '刘浩然', '男', '经管学院', '工商管理系', '工商管理', NOW()),
('2356026', '8d969eef6ecad3c29a3a629280e686cf0c3f5d5a86aff3ca12020c923adc6c92', '董佳欣', '女', '计算机学院', '软件工程系', '软件工程', NOW()),
('2355680', '8d969eef6ecad3c29a3a629280e686cf0c3f5d5a86aff3ca12020c923adc6c92', '程秀荣', '女', '机械学院', '机械工程系', '机械工程', NOW()),
('2356118', '8d969eef6ecad3c29a3a629280e686cf0c3f5d5a86aff3ca12020c923adc6c92', '于建国', '男', '计算机学院', '人工智能系', '人工智能', NOW()),
('2351635', '8d969eef6ecad3c29a3a629280e686cf0c3f5d5a86aff3ca12020c923adc6c92', '刘娜', '女', '经管学院', '工商管理系', '工商管理', NOW()),
('2358502', '8d969eef6ecad3c29a3a629280e686cf0c3f5d5a86aff3ca12020c923adc6c92', '徐霞', '女', '计算机学院', '软件工程系', '软件工程', NOW()),
('2357074', '8d969eef6ecad3c29a3a629280e686cf0c3f5d5a86aff3ca12020c923adc6c92', '唐秀珍', '女', '机械学院', '机械工程系', '机械工程', NOW()),
('2359659', '8d969eef6ecad3c29a3a629280e686cf0c3f5d5a86aff3ca12020c923adc6c92', '卢佳豪', '男', '计算机学院', '人工智能系', '人工智能', NOW()),
('2352669', '8d969eef6ecad3c29a3a629280e686cf0c3f5d5a86aff3ca12020c923adc6c92', '梁子轩', '男', '经管学院', '工商管理系', '工商管理', NOW()),
('2352975', '8d969eef6ecad3c29a3a629280e686cf0c3f5d5a86aff3ca12020c923adc6c92', '傅海燕', '女', '计算机学院', '软件工程系', '软件工程', NOW()),
('2352712', '8d969eef6ecad3c29a3a629280e686cf0c3f5d5a86aff3ca12020c923adc6c92', '傅志强', '男', '机械学院', '机械工程系', '机械工程', NOW()),
('2358704', '8d969eef6ecad3c29a3a629280e686cf0c3f5d5a86aff3ca12020c923adc6c92', '刘军', '男', '计算机学院', '人工智能系', '人工智能', NOW()),
('2353113', '8d969eef6ecad3c29a3a629280e686cf0c3f5d5a86aff3ca12020c923adc6c92', '曹娟', '女', '经管学院', '工商管理系', '工商管理', NOW()),
('2358829', '8d969eef6ecad3c29a3a629280e686cf0c3f5d5a86aff3ca12020c923adc6c92', '郑金凤', '女', '计算机学院', '软件工程系', '软件工程', NOW()),
('2358018', '8d969eef6ecad3c29a3a629280e686cf0c3f5d5a86aff3ca12020c923adc6c92', '杨秀珍', '女', '机械学院', '机械工程系', '机械工程', NOW()),
('2353930', '8d969eef6ecad3c29a3a629280e686cf0c3f5d5a86aff3ca12020c923adc6c92', '宋秀荣', '女', '计算机学院', '人工智能系', '人工智能', NOW()),
('2353246', '8d969eef6ecad3c29a3a629280e686cf0c3f5d5a86aff3ca12020c923adc6c92', '杨欣然', '女', '经管学院', '工商管理系', '工商管理', NOW()),
('2356878', '8d969eef6ecad3c29a3a629280e686cf0c3f5d5a86aff3ca12020c923adc6c92', '董子轩', '男', '计算机学院', '软件工程系', '软件工程', NOW()),
('2358250', '8d969eef6ecad3c29a3a629280e686cf0c3f5d5a86aff3ca12020c923adc6c92', '梁强', '男', '机械学院', '机械工程系', '机械工程', NOW()),
('2356413', '8d969eef6ecad3c29a3a629280e686cf0c3f5d5a86aff3ca12020c923adc6c92', '于小强', '男', '计算机学院', '人工智能系', '人工智能', NOW()),
('2353995', '8d969eef6ecad3c29a3a629280e686cf0c3f5d5a86aff3ca12020c923adc6c92', '苏桂英', '女', '经管学院', '工商管理系', '工商管理', NOW()),
('2355701', '8d969eef6ecad3c29a3a629280e686cf0c3f5d5a86aff3ca12020c923adc6c92', '贾秀兰', '女', '计算机学院', '软件工程系', '软件工程', NOW()),
('2358303', '8d969eef6ecad3c29a3a629280e686cf0c3f5d5a86aff3ca12020c923adc6c92', '彭艳', '女', '机械学院', '机械工程系', '机械工程', NOW()),
('2354677', '8d969eef6ecad3c29a3a629280e686cf0c3f5d5a86aff3ca12020c923adc6c92', '郭敏', '女', '计算机学院', '人工智能系', '人工智能', NOW()),
('2356236', '8d969eef6ecad3c29a3a629280e686cf0c3f5d5a86aff3ca12020c923adc6c92', '吴俊杰', '男', '经管学院', '工商管理系', '工商管理', NOW()),
('2357070', '8d969eef6ecad3c29a3a629280e686cf0c3f5d5a86aff3ca12020c923adc6c92', '吴丽娟', '女', '计算机学院', '软件工程系', '软件工程', NOW()),
('2358808', '8d969eef6ecad3c29a3a629280e686cf0c3f5d5a86aff3ca12020c923adc6c92', '吴超', '男', '机械学院', '机械工程系', '机械工程', NOW()),
('2358729', '8d969eef6ecad3c29a3a629280e686cf0c3f5d5a86aff3ca12020c923adc6c92', '郭小红', '女', '计算机学院', '人工智能系', '人工智能', NOW()),
('2359527', '8d969eef6ecad3c29a3a629280e686cf0c3f5d5a86aff3ca12020c923adc6c92', '贾小娟', '女', '经管学院', '工商管理系', '工商管理', NOW()),
('2359170', '8d969eef6ecad3c29a3a629280e686cf0c3f5d5a86aff3ca12020c923adc6c92', '萧美玲', '女', '计算机学院', '软件工程系', '软件工程', NOW()),
('2359416', '8d969eef6ecad3c29a3a629280e686cf0c3f5d5a86aff3ca12020c923adc6c92', '孙小芳', '女', '机械学院', '机械工程系', '机械工程', NOW()),
('2351732', '8d969eef6ecad3c29a3a629280e686cf0c3f5d5a86aff3ca12020c923adc6c92', '蔡明', '男', '计算机学院', '人工智能系', '人工智能', NOW()),
('2355896', '8d969eef6ecad3c29a3a629280e686cf0c3f5d5a86aff3ca12020c923adc6c92', '袁杰', '男', '经管学院', '工商管理系', '工商管理', NOW()),
('2358711', '8d969eef6ecad3c29a3a629280e686cf0c3f5d5a86aff3ca12020c923adc6c92', '谢丽娟', '女', '计算机学院', '软件工程系', '软件工程', NOW()),
('2359439', '8d969eef6ecad3c29a3a629280e686cf0c3f5d5a86aff3ca12020c923adc6c92', '卢丽', '女', '机械学院', '机械工程系', '机械工程', NOW()),
('2356092', '8d969eef6ecad3c29a3a629280e686cf0c3f5d5a86aff3ca12020c923adc6c92', '赵娟', '女', '计算机学院', '人工智能系', '人工智能', NOW()),
('2357444', '8d969eef6ecad3c29a3a629280e686cf0c3f5d5a86aff3ca12020c923adc6c92', '叶丽', '女', '经管学院', '工商管理系', '工商管理', NOW()),
('2357692', '8d969eef6ecad3c29a3a629280e686cf0c3f5d5a86aff3ca12020c923adc6c92', '叶华', '男', '计算机学院', '软件工程系', '软件工程', NOW()),
('2356352', '8d969eef6ecad3c29a3a629280e686cf0c3f5d5a86aff3ca12020c923adc6c92', '袁小芳', '女', '机械学院', '机械工程系', '机械工程', NOW()),
('2355907', '8d969eef6ecad3c29a3a629280e686cf0c3f5d5a86aff3ca12020c923adc6c92', '何丽娟', '女', '计算机学院', '人工智能系', '人工智能', NOW()),
('2358335', '8d969eef6ecad3c29a3a629280e686cf0c3f5d5a86aff3ca12020c923adc6c92', '董浩然', '男', '经管学院', '工商管理系', '工商管理', NOW()),
('2354781', '8d969eef6ecad3c29a3a629280e686cf0c3f5d5a86aff3ca12020c923adc6c92', '王霞', '女', '计算机学院', '软件工程系', '软件工程', NOW()),
('2358022', '8d969eef6ecad3c29a3a629280e686cf0c3f5d5a86aff3ca12020c923adc6c92', '罗超', '男', '机械学院', '机械工程系', '机械工程', NOW()),
('2351542', '8d969eef6ecad3c29a3a629280e686cf0c3f5d5a86aff3ca12020c923adc6c92', '蔡德华', '男', '计算机学院', '人工智能系', '人工智能', NOW()),
('2359322', '8d969eef6ecad3c29a3a629280e686cf0c3f5d5a86aff3ca12020c923adc6c92', '袁美玲', '女', '经管学院', '工商管理系', '工商管理', NOW()),
('2351480', '8d969eef6ecad3c29a3a629280e686cf0c3f5d5a86aff3ca12020c923adc6c92', '李欣然', '男', '计算机学院', '软件工程系', '软件工程', NOW()),
('2356257', '8d969eef6ecad3c29a3a629280e686cf0c3f5d5a86aff3ca12020c923adc6c92', '周俊杰', '男', '机械学院', '机械工程系', '机械工程', NOW()),
('2358661', '8d969eef6ecad3c29a3a629280e686cf0c3f5d5a86aff3ca12020c923adc6c92', '傅素英', '女', '计算机学院', '人工智能系', '人工智能', NOW()),
('2359984', '8d969eef6ecad3c29a3a629280e686cf0c3f5d5a86aff3ca12020c923adc6c92', '孙秀英', '女', '经管学院', '工商管理系', '工商管理', NOW()),
('2352203', '8d969eef6ecad3c29a3a629280e686cf0c3f5d5a86aff3ca12020c923adc6c92', '唐平', '男', '计算机学院', '软件工程系', '软件工程', NOW()),
('2359313', '8d969eef6ecad3c29a3a629280e686cf0c3f5d5a86aff3ca12020c923adc6c92', '吴伟', '男', '机械学院', '机械工程系', '机械工程', NOW()),
('2351951', '8d969eef6ecad3c29a3a629280e686cf0c3f5d5a86aff3ca12020c923adc6c92', '韩小伟', '男', '计算机学院', '人工智能系', '人工智能', NOW()),
('2356442', '8d969eef6ecad3c29a3a629280e686cf0c3f5d5a86aff3ca12020c923adc6c92', '陈小芳', '女', '经管学院', '工商管理系', '工商管理', NOW()),
('2358753', '8d969eef6ecad3c29a3a629280e686cf0c3f5d5a86aff3ca12020c923adc6c92', '萧静', '女', '计算机学院', '软件工程系', '软件工程', NOW()),
('2352202', '8d969eef6ecad3c29a3a629280e686cf0c3f5d5a86aff3ca12020c923adc6c92', '丁桂英', '女', '机械学院', '机械工程系', '机械工程', NOW()),
('2353259', '8d969eef6ecad3c29a3a629280e686cf0c3f5d5a86aff3ca12020c923adc6c92', '蔡志强', '男', '计算机学院', '人工智能系', '人工智能', NOW()),
('2351330', '8d969eef6ecad3c29a3a629280e686cf0c3f5d5a86aff3ca12020c923adc6c92', '董小杰', '男', '经管学院', '工商管理系', '工商管理', NOW()),
('2353471', '8d969eef6ecad3c29a3a629280e686cf0c3f5d5a86aff3ca12020c923adc6c92', '吕平', '男', '计算机学院', '软件工程系', '软件工程', NOW()),
('2353984', '8d969eef6ecad3c29a3a629280e686cf0c3f5d5a86aff3ca12020c923adc6c92', '胡华', '女', '机械学院', '机械工程系', '机械工程', NOW()),
('2359354', '8d969eef6ecad3c29a3a629280e686cf0c3f5d5a86aff3ca12020c923adc6c92', '胡军', '男', '计算机学院', '人工智能系', '人工智能', NOW()),
('2351357', '8d969eef6ecad3c29a3a629280e686cf0c3f5d5a86aff3ca12020c923adc6c92', '卢素英', '女', '经管学院', '工商管理系', '工商管理', NOW()),
('2356922', '8d969eef6ecad3c29a3a629280e686cf0c3f5d5a86aff3ca12020c923adc6c92', '薛小伟', '男', '计算机学院', '软件工程系', '软件工程', NOW()),
('2351836', '8d969eef6ecad3c29a3a629280e686cf0c3f5d5a86aff3ca12020c923adc6c92', '谢杰', '男', '机械学院', '机械工程系', '机械工程', NOW()),
('2353269', '8d969eef6ecad3c29a3a629280e686cf0c3f5d5a86aff3ca12020c923adc6c92', '梁秀荣', '女', '计算机学院', '人工智能系', '人工智能', NOW()),
('2354661', '8d969eef6ecad3c29a3a629280e686cf0c3f5d5a86aff3ca12020c923adc6c92', '郭金凤', '女', '经管学院', '工商管理系', '工商管理', NOW()),
('2351624', '8d969eef6ecad3c29a3a629280e686cf0c3f5d5a86aff3ca12020c923adc6c92', '傅秀珍', '女', '计算机学院', '软件工程系', '软件工程', NOW()),
('2355544', '8d969eef6ecad3c29a3a629280e686cf0c3f5d5a86aff3ca12020c923adc6c92', '唐美玲', '女', '机械学院', '机械工程系', '机械工程', NOW()),
('2353553', '8d969eef6ecad3c29a3a629280e686cf0c3f5d5a86aff3ca12020c923adc6c92', '高秀荣', '女', '计算机学院', '人工智能系', '人工智能', NOW());

-- -------------------------------------------------------
-- 验证
-- -------------------------------------------------------
SELECT '=== 数据导入完成 ===' AS info;
SELECT CONCAT('std_teacher: ', COUNT(*), ' 条') AS result FROM std_teacher
UNION ALL SELECT CONCAT('std_student: ', COUNT(*), ' 条') FROM std_student
UNION ALL SELECT CONCAT('teacher: ', COUNT(*), ' 条') FROM teacher
UNION ALL SELECT CONCAT('student: ', COUNT(*), ' 条') FROM student;
