-- ============================================================
-- PE AI - Supabase PostgreSQL Full Schema & Data Initialization
-- ============================================================

-- PE AI 智慧运动课堂 - Supabase PostgreSQL 初始化脚本
-- 在 Supabase Dashboard -> SQL Editor 中执行。

DROP TABLE IF EXISTS submit CASCADE;
DROP TABLE IF EXISTS ai_type CASCADE;
DROP TABLE IF EXISTS homework CASCADE;
DROP TABLE IF EXISTS student_course CASCADE;
DROP TABLE IF EXISTS class CASCADE;
DROP TABLE IF EXISTS course CASCADE;
DROP TABLE IF EXISTS student CASCADE;
DROP TABLE IF EXISTS teacher CASCADE;
DROP TABLE IF EXISTS std_student CASCADE;
DROP TABLE IF EXISTS std_teacher CASCADE;

CREATE TABLE std_teacher (
    id varchar(20) PRIMARY KEY,
    name varchar(50) NOT NULL
);

CREATE TABLE std_student (
    id varchar(20) PRIMARY KEY,
    name varchar(50) NOT NULL
);

CREATE TABLE teacher (
    id varchar(20) PRIMARY KEY,
    password varchar(64) NOT NULL,
    name varchar(50) NOT NULL,
    gender varchar(10),
    title varchar(50),
    college varchar(100),
    department varchar(100),
    login_time timestamp,
    created_time timestamp DEFAULT current_timestamp
);

CREATE TABLE student (
    id varchar(20) PRIMARY KEY,
    password varchar(64) NOT NULL,
    name varchar(50) NOT NULL,
    gender varchar(10),
    college varchar(100),
    department varchar(100),
    major varchar(100),
    login_time timestamp,
    created_time timestamp DEFAULT current_timestamp
);

CREATE TABLE course (
    id varchar(20) PRIMARY KEY,
    teacher_id varchar(20) NOT NULL,
    name varchar(100) NOT NULL,
    info text,
    code varchar(20) NOT NULL UNIQUE,
    semester integer DEFAULT 1,
    is_active smallint DEFAULT 1,
    created_time timestamp DEFAULT current_timestamp
);

CREATE TABLE student_course (
    id integer GENERATED BY DEFAULT AS IDENTITY PRIMARY KEY,
    student_id varchar(20) NOT NULL,
    course_id varchar(20) NOT NULL,
    joined_time timestamp DEFAULT current_timestamp,
    CONSTRAINT uk_student_course UNIQUE (student_id, course_id)
);

CREATE TABLE homework (
    id integer GENERATED BY DEFAULT AS IDENTITY PRIMARY KEY,
    course_id varchar(20) NOT NULL,
    title varchar(200) NOT NULL,
    description text,
    deadline timestamp,
    create_time timestamp DEFAULT current_timestamp
);

CREATE TABLE ai_type (
    homework_id integer PRIMARY KEY,
    type varchar(50),
    num integer DEFAULT 0
);

CREATE TABLE submit (
    id integer GENERATED BY DEFAULT AS IDENTITY PRIMARY KEY,
    homework_id integer NOT NULL,
    student_id varchar(20) NOT NULL,
    video_url varchar(500),
    score integer,
    ai_feedback text,
    teacher_feedback text,
    create_time timestamp DEFAULT current_timestamp
);

CREATE TABLE class (
    id integer GENERATED BY DEFAULT AS IDENTITY PRIMARY KEY,
    course_id varchar(20) NOT NULL,
    title varchar(200) NOT NULL,
    description text,
    content_url varchar(500),
    create_time timestamp DEFAULT current_timestamp
);



-- -------------------------------------------------------
-- Full Dataset from data_import.sql
-- -------------------------------------------------------

-- ============================================================
-- PE AI 智慧运动课堂 - 数据导入脚本
-- 依赖: init_mysql.sql (先执行建表)
-- 使用: source init_mysql.sql; source data_import.sql;
-- ============================================================

-- -------------------------------------------------------
-- 1. 基准教师数据 (从 std_teacher.csv)
-- -------------------------------------------------------
INSERT INTO std_teacher (id, name) VALUES
('94128', '陈红'), ('05106', '赵敏'), ('18077', '吴涛'), ('90053', '杨伟'), ('99147', '刘秀兰'),
('12059', '王建军'), ('07034', '张芳'), ('15042', '周超'), ('02081', '朱小英'), ('97015', '李娜'),
('03088', '徐勇'), ('10132', '林静'), ('19125', '马涛'), ('13207', '高丽'), ('96064', '黄华'),
('11194', '孙明'), ('08219', '郭秀珍'), ('06153', '胡小杰'), ('17128', '唐平'), ('14239', '罗霞'),
('00075', '何建国'), ('21117', '于军'), ('13066', '谢刚'), ('04198', '韩小娟'), ('16037', '魏秀英'),
('09156', '冯杰'), ('18204', '郑欣'), ('05271', '董娜'), ('10083', '梁艳'), ('14122', '宋涛');

-- -------------------------------------------------------
-- 2. 基准学生数据 (从 std_student.csv)
-- -------------------------------------------------------
INSERT INTO std_student (id, name) VALUES
('2359086', '卢涛'), ('2356315', '魏俊杰'), ('2354606', '曾军'), ('2355500', '曹洋'), ('2358378', '胡敏'),
('2352059', '冯文'), ('2359866', '宋小伟'), ('2353248', '马欣然'), ('2359028', '高春梅'), ('2354153', '罗浩然'),
('2352752', '袁子豪'), ('2357365', '宋超'), ('2356225', '于刚'), ('2354398', '吕超'), ('2355252', '卢佳豪'),
('2351764', '高翠平'), ('2355718', '程建国'), ('2355109', '马敏'), ('2359501', '徐小明'), ('2354368', '马德华'),
('2353633', '丁春梅'), ('2352460', '傅雪梅'), ('2356838', '沈雪梅'), ('2356678', '蒋明'), ('2353979', '袁洋'),
('2352486', '吕翠平'), ('2356323', '蒋子轩'), ('2353802', '韩春梅'), ('2357997', '程建军'), ('2356775', '郭丽'),
('2352545', '贾秀珍'), ('2354106', '傅志强'), ('2352634', '刘浩然'), ('2356026', '董佳欣'), ('2355680', '程秀荣'),
('2356118', '于建国'), ('2351635', '刘娜'), ('2358502', '徐霞'), ('2357074', '唐秀珍'), ('2359659', '卢佳豪'),
('2352669', '梁子轩'), ('2352975', '傅海燕'), ('2352712', '傅志强'), ('2358704', '刘军'), ('2353113', '曹娟'),
('2358829', '郑金凤'), ('2358018', '杨秀珍'), ('2353930', '宋秀荣'), ('2353246', '杨欣然'), ('2356878', '董子轩'),
('2358250', '梁强'), ('2356413', '于小强'), ('2353995', '苏桂英'), ('2355701', '贾秀兰'), ('2358303', '彭艳'),
('2354677', '郭敏'), ('2356236', '吴俊杰'), ('2357070', '吴丽娟'), ('2358808', '吴超'), ('2358729', '郭小红'),
('2359527', '贾小娟'), ('2359170', '萧美玲'), ('2359416', '孙小芳'), ('2351732', '蔡明'), ('2355896', '袁杰'),
('2358711', '谢丽娟'), ('2359439', '卢丽'), ('2356092', '赵娟'), ('2357444', '叶丽'), ('2357692', '叶华'),
('2356352', '袁小芳'), ('2355907', '何丽娟'), ('2358335', '董浩然'), ('2354781', '王霞'), ('2358022', '罗超'),
('2351542', '蔡德华'), ('2359322', '袁美玲'), ('2351480', '李欣然'), ('2356257', '周俊杰'), ('2358661', '傅素英'),
('2359984', '孙秀英'), ('2352203', '唐平'), ('2359313', '吴伟'), ('2351951', '韩小伟'), ('2356442', '陈小芳'),
('2358753', '萧静'), ('2352202', '丁桂英'), ('2353259', '蔡志强'), ('2351330', '董小杰'), ('2353471', '吕平'),
('2353984', '胡华'), ('2359354', '胡军'), ('2351357', '卢素英'), ('2356922', '薛小伟'), ('2351836', '谢杰'),
('2353269', '梁秀荣'), ('2354661', '郭金凤'), ('2351624', '傅秀珍'), ('2355544', '唐美玲'), ('2353553', '高秀荣');

-- -------------------------------------------------------
-- 3. 教师账号 (密码统一为 123456)
-- SHA-256("123456") = 8d969eef6ecad3c29a3a629280e686cf0c3f5d5a86aff3ca12020c923adc6c92
-- -------------------------------------------------------
INSERT INTO teacher (id, password, name, gender, title, college, department, created_time) VALUES
('94128', '8d969eef6ecad3c29a3a629280e686cf0c3f5d5a86aff3ca12020c923adc6c92', '陈红', '女', '教授', '体育与健康学院', '体育教育系', NOW()),
('05106', '8d969eef6ecad3c29a3a629280e686cf0c3f5d5a86aff3ca12020c923adc6c92', '赵敏', '女', '副教授', '体育与健康学院', '运动训练系', NOW()),
('18077', '8d969eef6ecad3c29a3a629280e686cf0c3f5d5a86aff3ca12020c923adc6c92', '吴涛', '男', '讲师', '体育与健康学院', '体育理论系', NOW()),
('90053', '8d969eef6ecad3c29a3a629280e686cf0c3f5d5a86aff3ca12020c923adc6c92', '杨伟', '男', '教授', '体育与健康学院', '体育教育系', NOW()),
('99147', '8d969eef6ecad3c29a3a629280e686cf0c3f5d5a86aff3ca12020c923adc6c92', '刘秀兰', '女', '副教授', '体育与健康学院', '运动训练系', NOW()),
('12059', '8d969eef6ecad3c29a3a629280e686cf0c3f5d5a86aff3ca12020c923adc6c92', '王建军', '男', '讲师', '体育与健康学院', '体育理论系', NOW()),
('07034', '8d969eef6ecad3c29a3a629280e686cf0c3f5d5a86aff3ca12020c923adc6c92', '张芳', '女', '教授', '体育与健康学院', '体育教育系', NOW()),
('15042', '8d969eef6ecad3c29a3a629280e686cf0c3f5d5a86aff3ca12020c923adc6c92', '周超', '男', '讲师', '体育与健康学院', '运动训练系', NOW()),
('02081', '8d969eef6ecad3c29a3a629280e686cf0c3f5d5a86aff3ca12020c923adc6c92', '朱小英', '女', '副教授', '体育与健康学院', '体育理论系', NOW()),
('97015', '8d969eef6ecad3c29a3a629280e686cf0c3f5d5a86aff3ca12020c923adc6c92', '李娜', '女', '讲师', '体育与健康学院', '体育教育系', NOW()),
('03088', '8d969eef6ecad3c29a3a629280e686cf0c3f5d5a86aff3ca12020c923adc6c92', '徐勇', '男', '教授', '体育与健康学院', '运动训练系', NOW()),
('10132', '8d969eef6ecad3c29a3a629280e686cf0c3f5d5a86aff3ca12020c923adc6c92', '林静', '女', '副教授', '体育与健康学院', '体育理论系', NOW()),
('19125', '8d969eef6ecad3c29a3a629280e686cf0c3f5d5a86aff3ca12020c923adc6c92', '马涛', '男', '讲师', '体育与健康学院', '体育教育系', NOW()),
('13207', '8d969eef6ecad3c29a3a629280e686cf0c3f5d5a86aff3ca12020c923adc6c92', '高丽', '女', '教授', '体育与健康学院', '运动训练系', NOW()),
('96064', '8d969eef6ecad3c29a3a629280e686cf0c3f5d5a86aff3ca12020c923adc6c92', '黄华', '男', '副教授', '体育与健康学院', '体育理论系', NOW()),
('11194', '8d969eef6ecad3c29a3a629280e686cf0c3f5d5a86aff3ca12020c923adc6c92', '孙明', '男', '讲师', '体育与健康学院', '体育教育系', NOW()),
('08219', '8d969eef6ecad3c29a3a629280e686cf0c3f5d5a86aff3ca12020c923adc6c92', '郭秀珍', '女', '教授', '体育与健康学院', '运动训练系', NOW()),
('06153', '8d969eef6ecad3c29a3a629280e686cf0c3f5d5a86aff3ca12020c923adc6c92', '胡小杰', '男', '副教授', '体育与健康学院', '体育理论系', NOW()),
('17128', '8d969eef6ecad3c29a3a629280e686cf0c3f5d5a86aff3ca12020c923adc6c92', '唐平', '男', '讲师', '体育与健康学院', '体育教育系', NOW()),
('14239', '8d969eef6ecad3c29a3a629280e686cf0c3f5d5a86aff3ca12020c923adc6c92', '罗霞', '女', '教授', '体育与健康学院', '运动训练系', NOW()),
('00075', '8d969eef6ecad3c29a3a629280e686cf0c3f5d5a86aff3ca12020c923adc6c92', '何建国', '男', '副教授', '体育与健康学院', '体育理论系', NOW()),
('21117', '8d969eef6ecad3c29a3a629280e686cf0c3f5d5a86aff3ca12020c923adc6c92', '于军', '男', '讲师', '体育与健康学院', '体育教育系', NOW()),
('13066', '8d969eef6ecad3c29a3a629280e686cf0c3f5d5a86aff3ca12020c923adc6c92', '谢刚', '男', '教授', '体育与健康学院', '运动训练系', NOW()),
('04198', '8d969eef6ecad3c29a3a629280e686cf0c3f5d5a86aff3ca12020c923adc6c92', '韩小娟', '女', '副教授', '体育与健康学院', '体育理论系', NOW()),
('16037', '8d969eef6ecad3c29a3a629280e686cf0c3f5d5a86aff3ca12020c923adc6c92', '魏秀英', '女', '讲师', '体育与健康学院', '体育教育系', NOW()),
('09156', '8d969eef6ecad3c29a3a629280e686cf0c3f5d5a86aff3ca12020c923adc6c92', '冯杰', '男', '教授', '体育与健康学院', '运动训练系', NOW()),
('18204', '8d969eef6ecad3c29a3a629280e686cf0c3f5d5a86aff3ca12020c923adc6c92', '郑欣', '女', '副教授', '体育与健康学院', '体育理论系', NOW()),
('05271', '8d969eef6ecad3c29a3a629280e686cf0c3f5d5a86aff3ca12020c923adc6c92', '董娜', '女', '讲师', '体育与健康学院', '体育教育系', NOW()),
('10083', '8d969eef6ecad3c29a3a629280e686cf0c3f5d5a86aff3ca12020c923adc6c92', '梁艳', '女', '教授', '体育与健康学院', '运动训练系', NOW()),
('14122', '8d969eef6ecad3c29a3a629280e686cf0c3f5d5a86aff3ca12020c923adc6c92', '宋涛', '男', '副教授', '体育与健康学院', '体育理论系', NOW());

-- -------------------------------------------------------
-- 4. 学生账号 (密码统一为 123456)
-- SHA-256("123456") = 8d969eef6ecad3c29a3a629280e686cf0c3f5d5a86aff3ca12020c923adc6c92
-- -------------------------------------------------------
INSERT INTO student (id, password, name, gender, college, department, major, created_time) VALUES
('2359086', '8d969eef6ecad3c29a3a629280e686cf0c3f5d5a86aff3ca12020c923adc6c92', '卢涛', '男', '计算机学院', '软件工程系', '软件工程', NOW()),
('2356315', '8d969eef6ecad3c29a3a629280e686cf0c3f5d5a86aff3ca12020c923adc6c92', '魏俊杰', '男', '计算机学院', '软件工程系', '软件工程', NOW()),
('2354606', '8d969eef6ecad3c29a3a629280e686cf0c3f5d5a86aff3ca12020c923adc6c92', '曾军', '男', '机械学院', '机械工程系', '机械工程', NOW()),
('2355500', '8d969eef6ecad3c29a3a629280e686cf0c3f5d5a86aff3ca12020c923adc6c92', '曹洋', '男', '计算机学院', '人工智能系', '人工智能', NOW()),
('2358378', '8d969eef6ecad3c29a3a629280e686cf0c3f5d5a86aff3ca12020c923adc6c92', '胡敏', '女', '经管学院', '工商管理系', '工商管理', NOW()),
('2352059', '8d969eef6ecad3c29a3a629280e686cf0c3f5d5a86aff3ca12020c923adc6c92', '冯文', '男', '计算机学院', '软件工程系', '软件工程', NOW()),
('2359866', '8d969eef6ecad3c29a3a629280e686cf0c3f5d5a86aff3ca12020c923adc6c92', '宋小伟', '男', '机械学院', '机械工程系', '机械工程', NOW()),
('2353248', '8d969eef6ecad3c29a3a629280e686cf0c3f5d5a86aff3ca12020c923adc6c92', '马欣然', '女', '计算机学院', '人工智能系', '人工智能', NOW()),
('2359028', '8d969eef6ecad3c29a3a629280e686cf0c3f5d5a86aff3ca12020c923adc6c92', '高春梅', '女', '经管学院', '工商管理系', '工商管理', NOW()),
('2354153', '8d969eef6ecad3c29a3a629280e686cf0c3f5d5a86aff3ca12020c923adc6c92', '罗浩然', '男', '计算机学院', '软件工程系', '软件工程', NOW()),
('2352752', '8d969eef6ecad3c29a3a629280e686cf0c3f5d5a86aff3ca12020c923adc6c92', '袁子豪', '男', '机械学院', '机械工程系', '机械工程', NOW()),
('2357365', '8d969eef6ecad3c29a3a629280e686cf0c3f5d5a86aff3ca12020c923adc6c92', '宋超', '男', '计算机学院', '人工智能系', '人工智能', NOW()),
('2356225', '8d969eef6ecad3c29a3a629280e686cf0c3f5d5a86aff3ca12020c923adc6c92', '于刚', '男', '经管学院', '工商管理系', '工商管理', NOW()),
('2354398', '8d969eef6ecad3c29a3a629280e686cf0c3f5d5a86aff3ca12020c923adc6c92', '吕超', '男', '计算机学院', '软件工程系', '软件工程', NOW()),
('2355252', '8d969eef6ecad3c29a3a629280e686cf0c3f5d5a86aff3ca12020c923adc6c92', '卢佳豪', '男', '机械学院', '机械工程系', '机械工程', NOW()),
('2351764', '8d969eef6ecad3c29a3a629280e686cf0c3f5d5a86aff3ca12020c923adc6c92', '高翠平', '女', '计算机学院', '人工智能系', '人工智能', NOW()),
('2355718', '8d969eef6ecad3c29a3a629280e686cf0c3f5d5a86aff3ca12020c923adc6c92', '程建国', '男', '经管学院', '工商管理系', '工商管理', NOW()),
('2355109', '8d969eef6ecad3c29a3a629280e686cf0c3f5d5a86aff3ca12020c923adc6c92', '马敏', '女', '计算机学院', '软件工程系', '软件工程', NOW()),
('2359501', '8d969eef6ecad3c29a3a629280e686cf0c3f5d5a86aff3ca12020c923adc6c92', '徐小明', '男', '机械学院', '机械工程系', '机械工程', NOW()),
('2354368', '8d969eef6ecad3c29a3a629280e686cf0c3f5d5a86aff3ca12020c923adc6c92', '马德华', '男', '计算机学院', '人工智能系', '人工智能', NOW()),
('2353633', '8d969eef6ecad3c29a3a629280e686cf0c3f5d5a86aff3ca12020c923adc6c92', '丁春梅', '女', '经管学院', '工商管理系', '工商管理', NOW()),
('2352460', '8d969eef6ecad3c29a3a629280e686cf0c3f5d5a86aff3ca12020c923adc6c92', '傅雪梅', '女', '计算机学院', '软件工程系', '软件工程', NOW()),
('2356838', '8d969eef6ecad3c29a3a629280e686cf0c3f5d5a86aff3ca12020c923adc6c92', '沈雪梅', '女', '机械学院', '机械工程系', '机械工程', NOW()),
('2356678', '8d969eef6ecad3c29a3a629280e686cf0c3f5d5a86aff3ca12020c923adc6c92', '蒋明', '男', '计算机学院', '人工智能系', '人工智能', NOW()),
('2353979', '8d969eef6ecad3c29a3a629280e686cf0c3f5d5a86aff3ca12020c923adc6c92', '袁洋', '男', '经管学院', '工商管理系', '工商管理', NOW()),
('2352486', '8d969eef6ecad3c29a3a629280e686cf0c3f5d5a86aff3ca12020c923adc6c92', '吕翠平', '女', '计算机学院', '软件工程系', '软件工程', NOW()),
('2356323', '8d969eef6ecad3c29a3a629280e686cf0c3f5d5a86aff3ca12020c923adc6c92', '蒋子轩', '男', '机械学院', '机械工程系', '机械工程', NOW()),
('2353802', '8d969eef6ecad3c29a3a629280e686cf0c3f5d5a86aff3ca12020c923adc6c92', '韩春梅', '女', '计算机学院', '人工智能系', '人工智能', NOW()),
('2357997', '8d969eef6ecad3c29a3a629280e686cf0c3f5d5a86aff3ca12020c923adc6c92', '程建军', '男', '经管学院', '工商管理系', '工商管理', NOW()),
('2356775', '8d969eef6ecad3c29a3a629280e686cf0c3f5d5a86aff3ca12020c923adc6c92', '郭丽', '女', '计算机学院', '软件工程系', '软件工程', NOW()),
('2352545', '8d969eef6ecad3c29a3a629280e686cf0c3f5d5a86aff3ca12020c923adc6c92', '贾秀珍', '女', '机械学院', '机械工程系', '机械工程', NOW()),
('2354106', '8d969eef6ecad3c29a3a629280e686cf0c3f5d5a86aff3ca12020c923adc6c92', '傅志强', '男', '计算机学院', '人工智能系', '人工智能', NOW()),
('2352634', '8d969eef6ecad3c29a3a629280e686cf0c3f5d5a86aff3ca12020c923adc6c92', '刘浩然', '男', '经管学院', '工商管理系', '工商管理', NOW()),
('2356026', '8d969eef6ecad3c29a3a629280e686cf0c3f5d5a86aff3ca12020c923adc6c92', '董佳欣', '女', '计算机学院', '软件工程系', '软件工程', NOW()),
('2355680', '8d969eef6ecad3c29a3a629280e686cf0c3f5d5a86aff3ca12020c923adc6c92', '程秀荣', '女', '机械学院', '机械工程系', '机械工程', NOW()),
('2356118', '8d969eef6ecad3c29a3a629280e686cf0c3f5d5a86aff3ca12020c923adc6c92', '于建国', '男', '计算机学院', '人工智能系', '人工智能', NOW()),
('2351635', '8d969eef6ecad3c29a3a629280e686cf0c3f5d5a86aff3ca12020c923adc6c92', '刘娜', '女', '经管学院', '工商管理系', '工商管理', NOW()),
('2358502', '8d969eef6ecad3c29a3a629280e686cf0c3f5d5a86aff3ca12020c923adc6c92', '徐霞', '女', '计算机学院', '软件工程系', '软件工程', NOW()),
('2357074', '8d969eef6ecad3c29a3a629280e686cf0c3f5d5a86aff3ca12020c923adc6c92', '唐秀珍', '女', '机械学院', '机械工程系', '机械工程', NOW()),
('2359659', '8d969eef6ecad3c29a3a629280e686cf0c3f5d5a86aff3ca12020c923adc6c92', '卢佳豪', '男', '计算机学院', '人工智能系', '人工智能', NOW()),
('2352669', '8d969eef6ecad3c29a3a629280e686cf0c3f5d5a86aff3ca12020c923adc6c92', '梁子轩', '男', '经管学院', '工商管理系', '工商管理', NOW()),
('2352975', '8d969eef6ecad3c29a3a629280e686cf0c3f5d5a86aff3ca12020c923adc6c92', '傅海燕', '女', '计算机学院', '软件工程系', '软件工程', NOW()),
('2352712', '8d969eef6ecad3c29a3a629280e686cf0c3f5d5a86aff3ca12020c923adc6c92', '傅志强', '男', '机械学院', '机械工程系', '机械工程', NOW()),
('2358704', '8d969eef6ecad3c29a3a629280e686cf0c3f5d5a86aff3ca12020c923adc6c92', '刘军', '男', '计算机学院', '人工智能系', '人工智能', NOW()),
('2353113', '8d969eef6ecad3c29a3a629280e686cf0c3f5d5a86aff3ca12020c923adc6c92', '曹娟', '女', '经管学院', '工商管理系', '工商管理', NOW()),
('2358829', '8d969eef6ecad3c29a3a629280e686cf0c3f5d5a86aff3ca12020c923adc6c92', '郑金凤', '女', '计算机学院', '软件工程系', '软件工程', NOW()),
('2358018', '8d969eef6ecad3c29a3a629280e686cf0c3f5d5a86aff3ca12020c923adc6c92', '杨秀珍', '女', '机械学院', '机械工程系', '机械工程', NOW()),
('2353930', '8d969eef6ecad3c29a3a629280e686cf0c3f5d5a86aff3ca12020c923adc6c92', '宋秀荣', '女', '计算机学院', '人工智能系', '人工智能', NOW()),
('2353246', '8d969eef6ecad3c29a3a629280e686cf0c3f5d5a86aff3ca12020c923adc6c92', '杨欣然', '女', '经管学院', '工商管理系', '工商管理', NOW()),
('2356878', '8d969eef6ecad3c29a3a629280e686cf0c3f5d5a86aff3ca12020c923adc6c92', '董子轩', '男', '计算机学院', '软件工程系', '软件工程', NOW()),
('2358250', '8d969eef6ecad3c29a3a629280e686cf0c3f5d5a86aff3ca12020c923adc6c92', '梁强', '男', '机械学院', '机械工程系', '机械工程', NOW()),
('2356413', '8d969eef6ecad3c29a3a629280e686cf0c3f5d5a86aff3ca12020c923adc6c92', '于小强', '男', '计算机学院', '人工智能系', '人工智能', NOW()),
('2353995', '8d969eef6ecad3c29a3a629280e686cf0c3f5d5a86aff3ca12020c923adc6c92', '苏桂英', '女', '经管学院', '工商管理系', '工商管理', NOW()),
('2355701', '8d969eef6ecad3c29a3a629280e686cf0c3f5d5a86aff3ca12020c923adc6c92', '贾秀兰', '女', '计算机学院', '软件工程系', '软件工程', NOW()),
('2358303', '8d969eef6ecad3c29a3a629280e686cf0c3f5d5a86aff3ca12020c923adc6c92', '彭艳', '女', '机械学院', '机械工程系', '机械工程', NOW()),
('2354677', '8d969eef6ecad3c29a3a629280e686cf0c3f5d5a86aff3ca12020c923adc6c92', '郭敏', '女', '计算机学院', '人工智能系', '人工智能', NOW()),
('2356236', '8d969eef6ecad3c29a3a629280e686cf0c3f5d5a86aff3ca12020c923adc6c92', '吴俊杰', '男', '经管学院', '工商管理系', '工商管理', NOW()),
('2357070', '8d969eef6ecad3c29a3a629280e686cf0c3f5d5a86aff3ca12020c923adc6c92', '吴丽娟', '女', '计算机学院', '软件工程系', '软件工程', NOW()),
('2358808', '8d969eef6ecad3c29a3a629280e686cf0c3f5d5a86aff3ca12020c923adc6c92', '吴超', '男', '机械学院', '机械工程系', '机械工程', NOW()),
('2358729', '8d969eef6ecad3c29a3a629280e686cf0c3f5d5a86aff3ca12020c923adc6c92', '郭小红', '女', '计算机学院', '人工智能系', '人工智能', NOW()),
('2359527', '8d969eef6ecad3c29a3a629280e686cf0c3f5d5a86aff3ca12020c923adc6c92', '贾小娟', '女', '经管学院', '工商管理系', '工商管理', NOW()),
('2359170', '8d969eef6ecad3c29a3a629280e686cf0c3f5d5a86aff3ca12020c923adc6c92', '萧美玲', '女', '计算机学院', '软件工程系', '软件工程', NOW()),
('2359416', '8d969eef6ecad3c29a3a629280e686cf0c3f5d5a86aff3ca12020c923adc6c92', '孙小芳', '女', '机械学院', '机械工程系', '机械工程', NOW()),
('2351732', '8d969eef6ecad3c29a3a629280e686cf0c3f5d5a86aff3ca12020c923adc6c92', '蔡明', '男', '计算机学院', '人工智能系', '人工智能', NOW()),
('2355896', '8d969eef6ecad3c29a3a629280e686cf0c3f5d5a86aff3ca12020c923adc6c92', '袁杰', '男', '经管学院', '工商管理系', '工商管理', NOW()),
('2358711', '8d969eef6ecad3c29a3a629280e686cf0c3f5d5a86aff3ca12020c923adc6c92', '谢丽娟', '女', '计算机学院', '软件工程系', '软件工程', NOW()),
('2359439', '8d969eef6ecad3c29a3a629280e686cf0c3f5d5a86aff3ca12020c923adc6c92', '卢丽', '女', '机械学院', '机械工程系', '机械工程', NOW()),
('2356092', '8d969eef6ecad3c29a3a629280e686cf0c3f5d5a86aff3ca12020c923adc6c92', '赵娟', '女', '计算机学院', '人工智能系', '人工智能', NOW()),
('2357444', '8d969eef6ecad3c29a3a629280e686cf0c3f5d5a86aff3ca12020c923adc6c92', '叶丽', '女', '经管学院', '工商管理系', '工商管理', NOW()),
('2357692', '8d969eef6ecad3c29a3a629280e686cf0c3f5d5a86aff3ca12020c923adc6c92', '叶华', '男', '计算机学院', '软件工程系', '软件工程', NOW()),
('2356352', '8d969eef6ecad3c29a3a629280e686cf0c3f5d5a86aff3ca12020c923adc6c92', '袁小芳', '女', '机械学院', '机械工程系', '机械工程', NOW()),
('2355907', '8d969eef6ecad3c29a3a629280e686cf0c3f5d5a86aff3ca12020c923adc6c92', '何丽娟', '女', '计算机学院', '人工智能系', '人工智能', NOW()),
('2358335', '8d969eef6ecad3c29a3a629280e686cf0c3f5d5a86aff3ca12020c923adc6c92', '董浩然', '男', '经管学院', '工商管理系', '工商管理', NOW()),
('2354781', '8d969eef6ecad3c29a3a629280e686cf0c3f5d5a86aff3ca12020c923adc6c92', '王霞', '女', '计算机学院', '软件工程系', '软件工程', NOW()),
('2358022', '8d969eef6ecad3c29a3a629280e686cf0c3f5d5a86aff3ca12020c923adc6c92', '罗超', '男', '机械学院', '机械工程系', '机械工程', NOW()),
('2351542', '8d969eef6ecad3c29a3a629280e686cf0c3f5d5a86aff3ca12020c923adc6c92', '蔡德华', '男', '计算机学院', '人工智能系', '人工智能', NOW()),
('2359322', '8d969eef6ecad3c29a3a629280e686cf0c3f5d5a86aff3ca12020c923adc6c92', '袁美玲', '女', '经管学院', '工商管理系', '工商管理', NOW()),
('2351480', '8d969eef6ecad3c29a3a629280e686cf0c3f5d5a86aff3ca12020c923adc6c92', '李欣然', '男', '计算机学院', '软件工程系', '软件工程', NOW()),
('2356257', '8d969eef6ecad3c29a3a629280e686cf0c3f5d5a86aff3ca12020c923adc6c92', '周俊杰', '男', '机械学院', '机械工程系', '机械工程', NOW()),
('2358661', '8d969eef6ecad3c29a3a629280e686cf0c3f5d5a86aff3ca12020c923adc6c92', '傅素英', '女', '计算机学院', '人工智能系', '人工智能', NOW()),
('2359984', '8d969eef6ecad3c29a3a629280e686cf0c3f5d5a86aff3ca12020c923adc6c92', '孙秀英', '女', '经管学院', '工商管理系', '工商管理', NOW()),
('2352203', '8d969eef6ecad3c29a3a629280e686cf0c3f5d5a86aff3ca12020c923adc6c92', '唐平', '男', '计算机学院', '软件工程系', '软件工程', NOW()),
('2359313', '8d969eef6ecad3c29a3a629280e686cf0c3f5d5a86aff3ca12020c923adc6c92', '吴伟', '男', '机械学院', '机械工程系', '机械工程', NOW()),
('2351951', '8d969eef6ecad3c29a3a629280e686cf0c3f5d5a86aff3ca12020c923adc6c92', '韩小伟', '男', '计算机学院', '人工智能系', '人工智能', NOW()),
('2356442', '8d969eef6ecad3c29a3a629280e686cf0c3f5d5a86aff3ca12020c923adc6c92', '陈小芳', '女', '经管学院', '工商管理系', '工商管理', NOW()),
('2358753', '8d969eef6ecad3c29a3a629280e686cf0c3f5d5a86aff3ca12020c923adc6c92', '萧静', '女', '计算机学院', '软件工程系', '软件工程', NOW()),
('2352202', '8d969eef6ecad3c29a3a629280e686cf0c3f5d5a86aff3ca12020c923adc6c92', '丁桂英', '女', '机械学院', '机械工程系', '机械工程', NOW()),
('2353259', '8d969eef6ecad3c29a3a629280e686cf0c3f5d5a86aff3ca12020c923adc6c92', '蔡志强', '男', '计算机学院', '人工智能系', '人工智能', NOW()),
('2351330', '8d969eef6ecad3c29a3a629280e686cf0c3f5d5a86aff3ca12020c923adc6c92', '董小杰', '男', '经管学院', '工商管理系', '工商管理', NOW()),
('2353471', '8d969eef6ecad3c29a3a629280e686cf0c3f5d5a86aff3ca12020c923adc6c92', '吕平', '男', '计算机学院', '软件工程系', '软件工程', NOW()),
('2353984', '8d969eef6ecad3c29a3a629280e686cf0c3f5d5a86aff3ca12020c923adc6c92', '胡华', '女', '机械学院', '机械工程系', '机械工程', NOW()),
('2359354', '8d969eef6ecad3c29a3a629280e686cf0c3f5d5a86aff3ca12020c923adc6c92', '胡军', '男', '计算机学院', '人工智能系', '人工智能', NOW()),
('2351357', '8d969eef6ecad3c29a3a629280e686cf0c3f5d5a86aff3ca12020c923adc6c92', '卢素英', '女', '经管学院', '工商管理系', '工商管理', NOW()),
('2356922', '8d969eef6ecad3c29a3a629280e686cf0c3f5d5a86aff3ca12020c923adc6c92', '薛小伟', '男', '计算机学院', '软件工程系', '软件工程', NOW()),
('2351836', '8d969eef6ecad3c29a3a629280e686cf0c3f5d5a86aff3ca12020c923adc6c92', '谢杰', '男', '机械学院', '机械工程系', '机械工程', NOW()),
('2353269', '8d969eef6ecad3c29a3a629280e686cf0c3f5d5a86aff3ca12020c923adc6c92', '梁秀荣', '女', '计算机学院', '人工智能系', '人工智能', NOW()),
('2354661', '8d969eef6ecad3c29a3a629280e686cf0c3f5d5a86aff3ca12020c923adc6c92', '郭金凤', '女', '经管学院', '工商管理系', '工商管理', NOW()),
('2351624', '8d969eef6ecad3c29a3a629280e686cf0c3f5d5a86aff3ca12020c923adc6c92', '傅秀珍', '女', '计算机学院', '软件工程系', '软件工程', NOW()),
('2355544', '8d969eef6ecad3c29a3a629280e686cf0c3f5d5a86aff3ca12020c923adc6c92', '唐美玲', '女', '机械学院', '机械工程系', '机械工程', NOW()),
('2353553', '8d969eef6ecad3c29a3a629280e686cf0c3f5d5a86aff3ca12020c923adc6c92', '高秀荣', '女', '计算机学院', '人工智能系', '人工智能', NOW());

-- -------------------------------------------------------
-- 验证
-- -------------------------------------------------------


-- -------------------------------------------------------
-- Full Dataset from seed_data_utf8.sql
-- -------------------------------------------------------

-- ============================================================
-- PE AI - 补充测试数据 (UTF-8 encoded)
-- ============================================================

-- -------------------------------------------------------
-- 1. 课程数据
-- -------------------------------------------------------
INSERT INTO course (id, teacher_id, name, info, code, semester, is_active, created_time) VALUES
('C001', '94128', '大学体育—篮球', '本课程重点讲授篮球基础技能与战术，结合AI动作识别进行实时纠偏。', 'PE101', 1, 1, NOW()),
('C002', '94128', '大学体育—健身操', '通过规范化的健身操动作训练，培养学生形体美感与节奏感。', 'PE102', 1, 1, NOW()),
('C003', '05106', '大学体育—游泳', '游泳基础技能训练，包括自由泳、蛙泳标准动作教学。', 'PE201', 2, 1, NOW()),
('C004', '05106', '大学体育—羽毛球', '羽毛球基本技术与战术训练，提升反应速度与协调性。', 'PE202', 2, 1, NOW()),
('C005', '18077', '大学体育—足球', '足球基本功训练与战术配合，培养团队协作精神。', 'PE301', 1, 1, NOW()),
('C006', '18077', '大学体育—乒乓球', '乒乓球基本打法与实战技巧训练。', 'PE302', 1, 1, NOW()),
('C007', '90053', '大学体育—健美操', '健美操套路学习与体能训练结合。', 'PE401', 2, 1, NOW()),
('C008', '90053', '大学体育—跆拳道', '跆拳道基本腿法与防身术。', 'PE402', 2, 1, NOW()),
('C009', '99147', '大学体育—网球', '网球发球、接球与基本战术训练。', 'PE501', 1, 1, NOW()),
('C010', '99147', '大学体育—排球', '排球基本技术与团队配合训练。', 'PE502', 1, 1, NOW()),
('C011', '12059', '大学体育—武术', '太极拳与武术基本功训练。', 'PE601', 1, 1, NOW()),
('C012', '12059', '大学体育—瑜伽', '瑜伽基础体式与呼吸调节训练。', 'PE602', 2, 1, NOW());

-- -------------------------------------------------------
-- 2. 学生选课数据
-- -------------------------------------------------------
INSERT INTO student_course (student_id, course_id, joined_time) VALUES
('2359086', 'C001', NOW()), ('2356315', 'C001', NOW()), ('2354606', 'C001', NOW()),
('2355500', 'C001', NOW()), ('2358378', 'C001', NOW()), ('2352059', 'C001', NOW()),
('2359866', 'C001', NOW()), ('2353248', 'C001', NOW()), ('2359028', 'C001', NOW()),
('2354153', 'C001', NOW()), ('2352752', 'C001', NOW()), ('2357365', 'C001', NOW()),
('2356225', 'C001', NOW()), ('2354398', 'C001', NOW()), ('2355252', 'C001', NOW()),
('2351764', 'C001', NOW()), ('2355718', 'C001', NOW()), ('2355109', 'C001', NOW()),
('2359501', 'C001', NOW()), ('2354368', 'C001', NOW()),
('2359086', 'C002', NOW()), ('2358378', 'C002', NOW()), ('2353248', 'C002', NOW()),
('2359028', 'C002', NOW()), ('2354153', 'C002', NOW()), ('2355718', 'C002', NOW()),
('2355109', 'C002', NOW()), ('2359501', 'C002', NOW()), ('2354368', 'C002', NOW()),
('2353633', 'C002', NOW()), ('2352460', 'C002', NOW()), ('2356838', 'C002', NOW()),
('2356678', 'C002', NOW()), ('2353979', 'C002', NOW()), ('2352486', 'C002', NOW()),
('2356323', 'C002', NOW()), ('2353802', 'C002', NOW()), ('2357997', 'C002', NOW()),
('2356775', 'C002', NOW()), ('2352545', 'C002', NOW()),
('2355500', 'C003', NOW()), ('2352752', 'C003', NOW()), ('2357365', 'C003', NOW()),
('2356225', 'C003', NOW()), ('2354398', 'C003', NOW()), ('2355252', 'C003', NOW()),
('2351764', 'C003', NOW()), ('2356026', 'C003', NOW()), ('2355680', 'C003', NOW()),
('2356118', 'C003', NOW()), ('2351635', 'C003', NOW()), ('2358502', 'C003', NOW()),
('2357074', 'C003', NOW()), ('2359659', 'C003', NOW()), ('2352669', 'C003', NOW()),
('2352975', 'C003', NOW()), ('2352712', 'C003', NOW()), ('2358704', 'C003', NOW()),
('2353113', 'C003', NOW()), ('2358829', 'C003', NOW()),
('2358018', 'C004', NOW()), ('2353930', 'C004', NOW()), ('2353246', 'C004', NOW()),
('2356878', 'C004', NOW()), ('2358250', 'C004', NOW()), ('2356413', 'C004', NOW()),
('2353995', 'C004', NOW()), ('2355701', 'C004', NOW()), ('2358303', 'C004', NOW()),
('2354677', 'C004', NOW()), ('2356236', 'C004', NOW()), ('2357070', 'C004', NOW()),
('2358808', 'C004', NOW()), ('2358729', 'C004', NOW()), ('2359527', 'C004', NOW()),
('2359170', 'C004', NOW()), ('2359416', 'C004', NOW()), ('2351732', 'C004', NOW()),
('2355896', 'C004', NOW()), ('2358711', 'C004', NOW()),
('2356315', 'C005', NOW()), ('2354606', 'C005', NOW()), ('2352059', 'C005', NOW()),
('2359866', 'C005', NOW()), ('2357365', 'C005', NOW()), ('2355252', 'C005', NOW()),
('2355718', 'C005', NOW()), ('2359501', 'C005', NOW()), ('2352486', 'C005', NOW()),
('2356026', 'C005', NOW()), ('2355680', 'C005', NOW()), ('2357997', 'C005', NOW()),
('2356775', 'C005', NOW()), ('2354106', 'C005', NOW()), ('2352634', 'C005', NOW()),
('2359659', 'C005', NOW()), ('2352669', 'C005', NOW()), ('2352975', 'C005', NOW()),
('2358704', 'C005', NOW()), ('2353113', 'C005', NOW()),
('2359086', 'C006', NOW()), ('2356315', 'C006', NOW()), ('2358378', 'C006', NOW()),
('2352059', 'C006', NOW()), ('2353248', 'C006', NOW()), ('2359028', 'C006', NOW()),
('2354153', 'C006', NOW()), ('2352752', 'C006', NOW()), ('2356225', 'C006', NOW()),
('2354398', 'C006', NOW()), ('2351764', 'C006', NOW()), ('2355718', 'C006', NOW()),
('2355109', 'C006', NOW()), ('2354368', 'C006', NOW()), ('2353633', 'C006', NOW()),
('2352460', 'C006', NOW()), ('2356838', 'C006', NOW()), ('2356678', 'C006', NOW()),
('2353979', 'C006', NOW()), ('2352486', 'C006', NOW()),
('2355500', 'C007', NOW()), ('2359086', 'C007', NOW()), ('2353995', 'C007', NOW()),
('2357997', 'C007', NOW()), ('2359659', 'C007', NOW()), ('2352975', 'C007', NOW()),
('2352203', 'C007', NOW()), ('2359313', 'C007', NOW()), ('2351951', 'C007', NOW()),
('2356442', 'C007', NOW()), ('2358753', 'C007', NOW()), ('2352202', 'C007', NOW()),
('2353259', 'C007', NOW()), ('2351330', 'C007', NOW()), ('2353471', 'C007', NOW()),
('2353984', 'C007', NOW()), ('2359354', 'C007', NOW()), ('2351357', 'C007', NOW()),
('2356922', 'C007', NOW()), ('2351836', 'C007', NOW()),
('2359086', 'C008', NOW()), ('2356323', 'C008', NOW()), ('2353802', 'C008', NOW()),
('2356775', 'C008', NOW()), ('2352545', 'C008', NOW()), ('2354106', 'C008', NOW()),
('2352634', 'C008', NOW()), ('2356026', 'C008', NOW()), ('2355680', 'C008', NOW()),
('2356118', 'C008', NOW()), ('2351635', 'C008', NOW()), ('2358502', 'C008', NOW()),
('2357074', 'C008', NOW()), ('2352669', 'C008', NOW()), ('2352712', 'C008', NOW()),
('2358704', 'C008', NOW()), ('2358829', 'C008', NOW()), ('2353930', 'C008', NOW()),
('2353246', 'C008', NOW()), ('2356878', 'C008', NOW()),
('2358018', 'C009', NOW()), ('2358250', 'C009', NOW()), ('2356413', 'C009', NOW()),
('2355701', 'C009', NOW()), ('2358303', 'C009', NOW()), ('2354677', 'C009', NOW()),
('2356236', 'C009', NOW()), ('2357070', 'C009', NOW()), ('2358808', 'C009', NOW()),
('2358729', 'C009', NOW()), ('2359527', 'C009', NOW()), ('2359170', 'C009', NOW()),
('2359416', 'C009', NOW()), ('2351732', 'C009', NOW()), ('2355896', 'C009', NOW()),
('2358711', 'C009', NOW()), ('2359439', 'C009', NOW()), ('2356092', 'C009', NOW()),
('2357444', 'C009', NOW()), ('2357692', 'C009', NOW()),
('2356352', 'C010', NOW()), ('2355907', 'C010', NOW()), ('2358335', 'C010', NOW()),
('2354781', 'C010', NOW()), ('2358022', 'C010', NOW()), ('2351542', 'C010', NOW()),
('2359322', 'C010', NOW()), ('2351480', 'C010', NOW()), ('2356257', 'C010', NOW()),
('2358661', 'C010', NOW()), ('2359984', 'C010', NOW()), ('2359313', 'C010', NOW()),
('2351951', 'C010', NOW()), ('2358753', 'C010', NOW()), ('2352202', 'C010', NOW()),
('2353259', 'C010', NOW()), ('2351330', 'C010', NOW()), ('2353471', 'C010', NOW()),
('2353984', 'C010', NOW()), ('2359354', 'C010', NOW()),
('2351357', 'C011', NOW()), ('2356922', 'C011', NOW()), ('2351836', 'C011', NOW()),
('2353269', 'C011', NOW()), ('2354661', 'C011', NOW()), ('2351624', 'C011', NOW()),
('2355544', 'C011', NOW()), ('2353553', 'C011', NOW()),
('2354661', 'C012', NOW()), ('2351624', 'C012', NOW()), ('2355544', 'C012', NOW()),
('2353553', 'C012', NOW()), ('2351357', 'C012', NOW()), ('2356922', 'C012', NOW()),
('2351836', 'C012', NOW()), ('2353269', 'C012', NOW());

-- -------------------------------------------------------
-- 3. 作业数据
-- -------------------------------------------------------
INSERT INTO homework (course_id, title, description, deadline, create_time) VALUES
('C001', '篮球运球动作练习', '请录制30秒的运球动作视频，要求手型规范、重心稳定。', NOW() + INTERVAL '7 days', NOW()),
('C001', '投篮姿势标准化练习', '录制10次定点投篮视频，系统将自动分析肘关节角度与出手点。', NOW() + INTERVAL '14 days', NOW()),
('C001', '传球配合训练', '两人一组传球练习，录制完整视频提交。', NOW() + INTERVAL '21 days', NOW()),
('C001', '防守脚步练习', '练习滑步防守动作，录制30秒视频。', NOW() + INTERVAL '28 days', NOW()),
('C002', '健身操基础动作', '跟随教学视频完成基础8拍动作，提交完整录制视频。', NOW() + INTERVAL '5 days', NOW()),
('C002', '健身操连贯动作', '完成8个八拍连贯动作，录制视频提交。', NOW() + INTERVAL '12 days', NOW()),
('C002', '节奏感训练', '跟随音乐完成健身操动作练习。', NOW() + INTERVAL '19 days', NOW()),
('C003', '蛙泳腿部动作', '水中拍摄蛙泳腿部动作片段不少于50米。', NOW() + INTERVAL '10 days', NOW()),
('C003', '自由泳呼吸配合', '练习自由泳换气动作，录制视频。', NOW() + INTERVAL '17 days', NOW()),
('C003', '游泳综合训练', '完成100米自由泳，录制视频提交。', NOW() + INTERVAL '24 days', NOW()),
('C004', '正手发球练习', '录制10次正手发球视频。', NOW() + INTERVAL '5 days', NOW()),
('C004', '反手击球训练', '练习反手握拍与击球动作。', NOW() + INTERVAL '12 days', NOW()),
('C004', '步法移动练习', '练习全场步法移动，录制视频。', NOW() + INTERVAL '19 days', NOW()),
('C005', '颠球基础训练', '录制连续颠球10次以上视频。', NOW() + INTERVAL '7 days', NOW()),
('C005', '传球准确性练习', '两人传球练习，录制视频。', NOW() + INTERVAL '14 days', NOW()),
('C005', '射门技巧训练', '录制5次射门视频，要求力量与准度。', NOW() + INTERVAL '21 days', NOW()),
('C006', '正手攻球练习', '录制连续正手攻球20次视频。', NOW() + INTERVAL '5 days', NOW()),
('C006', '反手推挡训练', '练习反手推挡动作，录制视频。', NOW() + INTERVAL '12 days', NOW()),
('C006', '发球抢攻练习', '练习发球后抢攻战术，录制视频。', NOW() + INTERVAL '19 days', NOW()),
('C007', '健美操基础步伐', '录制基础步伐练习视频。', NOW() + INTERVAL '5 days', NOW()),
('C007', '手臂动作组合', '练习手臂动作与步伐配合。', NOW() + INTERVAL '12 days', NOW()),
('C007', '完整套路演练', '完成健美操完整套路录制。', NOW() + INTERVAL '19 days', NOW()),
('C008', '基本腿法前踢', '录制前踢动作10次视频。', NOW() + INTERVAL '7 days', NOW()),
('C008', '横踢技术训练', '练习横踢动作，录制视频。', NOW() + INTERVAL '14 days', NOW()),
('C008', '组合腿法练习', '完成前踢+横踢组合动作。', NOW() + INTERVAL '21 days', NOW()),
('C009', '正手击球练习', '录制正手击球10次视频。', NOW() + INTERVAL '5 days', NOW()),
('C009', '反手击球训练', '练习反手击球动作。', NOW() + INTERVAL '12 days', NOW()),
('C009', '发球练习', '录制10次发球视频。', NOW() + INTERVAL '19 days', NOW()),
('C010', '垫球基础练习', '录制连续垫球15次视频。', NOW() + INTERVAL '5 days', NOW()),
('C010', '传球技术训练', '练习正面传球动作。', NOW() + INTERVAL '12 days', NOW()),
('C010', '扣球动作练习', '录制扣球动作视频。', NOW() + INTERVAL '19 days', NOW()),
('C011', '太极拳起势', '录制太极拳起势动作视频。', NOW() + INTERVAL '7 days', NOW()),
('C011', '弓步冲拳练习', '练习弓步冲拳动作，录制视频。', NOW() + INTERVAL '14 days', NOW()),
('C011', '太极剑基础', '练习太极剑基本剑法。', NOW() + INTERVAL '21 days', NOW()),
('C012', '基础体式山式', '录制山式站立视频。', NOW() + INTERVAL '5 days', NOW()),
('C012', '下犬式练习', '录制下犬式保持30秒视频。', NOW() + INTERVAL '12 days', NOW()),
('C012', '平衡体式训练', '练习树式平衡，录制视频。', NOW() + INTERVAL '19 days', NOW()),
('C012', '拜日式完整练习', '完成拜日式A序列录制。', NOW() + INTERVAL '26 days', NOW());

-- -------------------------------------------------------
-- 4. AI动作类型配置
-- -------------------------------------------------------
INSERT INTO ai_type (homework_id, type, num) VALUES
(1, 'dribble', 30), (2, 'shoot', 10), (3, 'pass', 20), (4, 'defense', 20),
(5, 'aerobic', 20), (6, 'aerobic', 30), (7, 'rhythm', 30),
(8, 'swimming_kick', 50), (9, 'freestyle_breathing', 30), (10, 'freestyle', 100),
(11, 'badminton_serve', 10), (12, 'backhand', 20), (13, 'footwork', 30),
(14, 'juggling', 10), (15, 'pass_accuracy', 20), (16, 'shot', 5),
(17, 'forehand_drive', 20), (18, 'backhand_push', 20), (19, 'serve_attack', 10),
(20, 'aerobic_step', 30), (21, 'arm_coordination', 30), (22, 'routine', 50),
(23, 'front_kick', 10), (24, 'round_kick', 10), (25, 'combo_kick', 5),
(26, 'forehand', 10), (27, 'backhand', 10), (28, 'serve', 10),
(29, 'bump', 15), (30, 'set', 15), (31, 'spike', 10),
(32, 'taichi_start', 5), (33, 'bow_stance_punch', 20), (34, 'sword_basic', 15),
(35, 'mountain_pose', 10), (36, 'down_dog', 30), (37, 'tree_pose', 30), (38, 'sun_salutation', 10);

-- -------------------------------------------------------
-- 5. 作业提交数据
-- -------------------------------------------------------
INSERT INTO submit (homework_id, student_id, video_url, score, ai_feedback, teacher_feedback, create_time) VALUES
(1, '2359086', '/uploads/videos/hw1_2359086.mp4', 85, '运球动作基本规范，手型较好，重心稳定。建议加强弱手练习。', '整体表现良好，继续保持。', NOW() - INTERVAL '3 days'),
(1, '2356315', '/uploads/videos/hw1_2356315.mp4', 78, '运球速度适中，但部分动作重心偏高。', '动作基本到位，注意节奏。', NOW() - INTERVAL '2 days'),
(1, '2354606', '/uploads/videos/hw1_2354606.mp4', 92, '运球动作标准规范，手型正确，重心稳定，表现优秀。', '非常棒！标准示范。', NOW() - INTERVAL '1 days'),
(2, '2359086', '/uploads/videos/hw2_2359086.mp4', 88, '投篮手型标准，出手点稳定，命中率较高。', '投篮动作优美，值得表扬。', NOW() - INTERVAL '2 days'),
(2, '2355500', '/uploads/videos/hw2_2355500.mp4', 75, '投篮动作基本正确，肘关节角度略有偏差。', '继续加强基础练习。', NOW() - INTERVAL '1 days'),
(5, '2359086', '/uploads/videos/hw5_2359086.mp4', 90, '动作连贯流畅，节奏感强，表现优秀。', '非常好的表现！', NOW() - INTERVAL '4 days'),
(5, '2358378', '/uploads/videos/hw5_2358378.mp4', 82, '动作基本规范，节奏把控较好。', '继续努力。', NOW() - INTERVAL '3 days'),
(8, '2355500', '/uploads/videos/hw8_2355500.mp4', 86, '蛙泳腿部动作标准，蹬腿有力。', '动作规范，继续保持。', NOW() - INTERVAL '2 days'),
(11, '2358018', '/uploads/videos/hw11_2358018.mp4', 80, '正手发球动作基本正确，角度控制良好。', '发球稳定性待提高。', NOW() - INTERVAL '3 days'),
(14, '2356315', '/uploads/videos/hw14_2356315.mp4', 88, '颠球动作稳定，连续性良好。', '球感不错，继续练习。', NOW() - INTERVAL '2 days'),
(17, '2359086', '/uploads/videos/hw17_2359086.mp4', 91, '正手攻球动作标准，力量与速度兼备。', '非常优秀！', NOW() - INTERVAL '1 days'),
(20, '2355500', '/uploads/videos/hw20_2355500.mp4', 84, '健美操步伐规范，动作协调。', '表现良好。', NOW() - INTERVAL '2 days'),
(23, '2359086', '/uploads/videos/hw23_2359086.mp4', 87, '前踢动作标准，力量充足。', '腿法规范，继续保持。', NOW() - INTERVAL '1 days'),
(26, '2358018', '/uploads/videos/hw26_2358018.mp4', 79, '正手击球基本正确，角度控制有待提高。', '继续加强练习。', NOW() - INTERVAL '3 days'),
(29, '2356352', '/uploads/videos/hw29_2356352.mp4', 83, '垫球动作稳定，手型正确。', '基本功扎实。', NOW() - INTERVAL '2 days'),
(32, '2351357', '/uploads/videos/hw32_2351357.mp4', 89, '太极拳起势动作端正，气沉丹田。', '很有太极韵味。', NOW() - INTERVAL '1 days'),
(35, '2354661', '/uploads/videos/hw35_2354661.mp4', 92, '山式站立标准，体态端正。', '非常标准的示范。', NOW() - INTERVAL '2 days'),
(1, '2358378', '/uploads/videos/hw1_2358378.mp4', NULL, '运球动作规范，手型正确。', NULL, NOW() - INTERVAL '1 days'),
(2, '2356315', '/uploads/videos/hw2_2356315.mp4', NULL, '投篮动作标准，建议加强弱手练习。', NULL, NOW()),
(5, '2353248', '/uploads/videos/hw5_2353248.mp4', NULL, '动作协调性良好，节奏感强。', NULL, NOW()),
(8, '2352752', '/uploads/videos/hw8_2352752.mp4', NULL, '游泳动作基本正确，腿部力量需加强。', NULL, NOW());